"id","latitude","longitude","name","docks"
72,"40.767272","-73.993929","W 52 St & 11 Ave",50
79,"40.719116","-74.006667","Franklin St & W Broadway",32
82,"40.711174","-74.000165","St James Pl & Pearl St",25
83,"40.683826","-73.976323","Atlantic Ave & Fort Greene Pl",62
116,"40.741776","-74.001497","W 17 St & 8 Ave",50
119,"40.696089","-73.978034","Park Ave & St Edwards St",19
120,"40.686768","-73.959282","Lexington Ave & Classon Ave",19
127,"40.731724","-74.006744","Barrow St & Hudson St",31
128,"40.727103","-74.002971","MacDougal St & Prince St",30
143,"40.692395","-73.993379","Clinton St & Joralemon St",24
144,"40.698399","-73.980689","Nassau St & Navy St",55
146,"40.71625","-74.009106","Hudson St & Reade St",39
150,"40.720874","-73.980858","E 2 St & Avenue C",54
151,"40.722104","-73.997249","Cleveland Pl & Spring St",33
157,"40.690893","-73.996123","Henry St & Atlantic Ave",22
161,"40.72917","-73.998102","LaGuardia Pl & W 3 St",34
164,"40.753231","-73.970325","E 47 St & 2 Ave",46
167,"40.748901","-73.976049","E 39 St & 3 Ave",45
168,"40.739713","-73.994564","W 18 St & 6 Ave",46
173,"40.760683","-73.984527","Broadway & W 49 St",69
174,"40.738177","-73.977387","E 25 St & 1 Ave",28
195,"40.709056","-74.010434","Liberty St & Broadway",44
212,"40.743349","-74.006818","W 16 St & The High Line",60
216,"40.700379","-73.995481","Columbia Heights & Cranberry St",22
217,"40.702772","-73.993836","Old Fulton St",36
223,"40.737815","-73.999947","W 13 St & 7 Ave",33
224,"40.711464","-74.005524","Spruce St & Nassau St",31
228,"40.754601","-73.971879","E 48 St & 3 Ave",54
229,"40.727434","-73.99379","Great Jones St",22
236,"40.728419","-73.98714","St Marks Pl & 2 Ave",44
237,"40.730473","-73.986724","E 11 St & 2 Ave",38
238,"40.736197","-74.008592","Bank St & Washington St",30
239,"40.691966","-73.981302","Willoughby St & Fleet St",31
241,"40.68981","-73.974931","DeKalb Ave & S Portland Ave",23
242,"40.697787","-73.973736","Carlton Ave & Flushing Ave",46
244,"40.69196","-73.965369","Willoughby Ave & Hall St",31
245,"40.69327","-73.977039","Myrtle Ave & St Edwards St",23
247,"40.735354","-74.004831","Perry St & Bleecker St",55
248,"40.721854","-74.007718","Laight St & Hudson St",23
249,"40.71871","-74.009001","Harrison St & Hudson St",27
250,"40.724561","-73.995653","Lafayette St & Jersey St",39
251,"40.72318","-73.9948","Mott St & Prince St",27
252,"40.732264","-73.998522","MacDougal St & Washington Sq",32
254,"40.735324","-73.998004","W 11 St & 6 Ave",57
257,"40.719392","-74.002472","Lispenard St & Broadway",38
258,"40.689407","-73.968855","DeKalb Ave & Vanderbilt Ave",23
259,"40.701221","-74.012342","South St & Whitehall St",39
260,"40.703652","-74.011678","Broad St & Bridge St",32
261,"40.694749","-73.983625","Johnson St & Gold St",27
262,"40.691782","-73.97373","Washington Park",24
264,"40.707065","-74.007319","Maiden Ln & Pearl St",27
265,"40.722293","-73.991475","Stanton St & Chrystie St",35
267,"40.750977","-73.987654","Broadway & W 36 St",78
268,"40.719105","-73.999733","Howard St & Centre St",27
270,"40.693083","-73.971789","Adelphi St & Myrtle Ave",22
274,"40.686919","-73.976682","Lafayette Ave & Fort Greene Pl",27
275,"40.686501","-73.965633","Washington Ave & Greene Ave",19
276,"40.717488","-74.010455","Duane St & Greenwich St",25
278,"40.697666","-73.984764","Concord St & Bridge St",19
280,"40.73332","-73.995101","E 10 St & 5 Ave",59
281,"40.764397","-73.973715","Grand Army Plaza & Central Park S",66
282,"40.707645","-73.968415","Kent Ave & S 11 St",27
284,"40.739017","-74.002638","Greenwich Ave & 8 Ave",43
285,"40.734546","-73.990741","Broadway & E 14 St",50
289,"40.684568","-73.958811","Monroe St & Classon Ave",18
291,"40.713126","-73.984844","Madison St & Montgomery St",20
293,"40.730207","-73.991026","Lafayette St & E 8 St",54
295,"40.714067","-73.992939","Pike St & E Broadway",23
297,"40.734232","-73.986923","E 15 St & 3 Ave",26
298,"40.686832","-73.979677","3 Ave & Schermerhorn St",34
301,"40.722174","-73.983688","E 2 St & Avenue B",58
302,"40.720828","-73.977932","Avenue D & E 3 St",23
303,"40.723627","-73.999496","Mercer St & Spring St",0
304,"40.704633","-74.013617","Broadway & Battery Pl",32
305,"40.760958","-73.967245","E 58 St & 3 Ave",32
307,"40.714275","-73.9899","Canal St & Rutgers St",28
308,"40.713079","-73.998512","St James Pl & Oliver St",27
309,"40.714979","-74.013012","Murray St & West St",40
310,"40.689269","-73.989129","State St & Smith St",36
311,"40.717227","-73.988021","Norfolk St & Broome St",31
312,"40.722055","-73.989111","Allen St & Stanton St",31
313,"40.696102","-73.96751","Washington Ave & Park Ave",23
315,"40.703554","-74.006702","South St & Gouverneur Ln",28
316,"40.70956","-74.006536","Fulton St & William St",43
317,"40.724537","-73.981854","E 6 St & Avenue B",54
319,"40.711066","-74.009447","Fulton St & Broadway",33
320,"40.717571","-74.005549","Leonard St & Church St",37
321,"40.699918","-73.989718","Cadman Plaza E & Red Cross Pl",27
323,"40.692362","-73.986317","Lawrence St & Willoughby St",38
324,"40.689888","-73.981013","DeKalb Ave & Hudson Ave",51
325,"40.736245","-73.984738","E 19 St & 3 Ave",34
326,"40.729538","-73.984267","E 11 St & 1 Ave",38
327,"40.715338","-74.016584","Vesey Pl & River Terrace",39
328,"40.724055","-74.00966","Watts St & Greenwich St",22
330,"40.714505","-74.005628","Reade St & Broadway",38
331,"40.711731","-73.99193","Pike St & Monroe St",27
332,"40.712199","-73.979481","Cherry St",36
334,"40.742388","-73.997262","W 20 St & 7 Ave",31
335,"40.729039","-73.994046","Washington Pl & Broadway",25
336,"40.730477","-73.999061","Sullivan St & Washington Sq",36
337,"40.703799","-74.008387","Old Slip & Front St",37
339,"40.725806","-73.974225","Avenue D & E 12 St",29
340,"40.71269","-73.987763","Madison St & Clinton St",27
341,"40.717821","-73.976289","Stanton St & Mangin St",19
342,"40.7174","-73.980166","Columbia St & Rivington St",29
343,"40.69794","-73.969868","Clinton Ave & Flushing Ave",23
344,"40.685144","-73.953809","Monroe St & Bedford Ave",23
346,"40.736529","-74.00618","Bank St & Hudson St",27
347,"40.728846","-74.008591","Greenwich St & W Houston St",34
349,"40.718502","-73.983299","Rivington St & Ridge St",59
350,"40.715595","-73.98703","Clinton St & Grand St",27
351,"40.70531","-74.006126","Front St & Maiden Ln",39
353,"40.685396","-73.974315","S Portland Ave & Hanson Pl",26
354,"40.693631","-73.962236","Emerson Pl & Myrtle Ave",23
355,"40.716021","-73.999744","Bayard St & Baxter St",43
356,"40.716226","-73.982612","Bialystoker Pl & Delancey St",21
358,"40.732916","-74.007114","Christopher St & Greenwich St",47
359,"40.755103","-73.974987","E 47 St & Park Ave",63
360,"40.707179","-74.008873","William St & Pine St",37
361,"40.716059","-73.991908","Allen St & Hester St",43
362,"40.751726","-73.987535","Broadway & W 37 St",57
363,"40.708347","-74.017134","West Thames St",48
364,"40.689004","-73.960239","Lafayette Ave & Classon Ave",27
366,"40.693261","-73.968896","Clinton Ave & Myrtle Ave",33
367,"40.758281","-73.970694","E 53 St & Lexington Ave",33
368,"40.730386","-74.00215","Carmine St & 6 Ave",38
369,"40.732241","-74.000264","Washington Pl & 6 Ave",60
372,"40.694546","-73.958014","Franklin Ave & Myrtle Ave",26
373,"40.693317","-73.95382","Willoughby Ave & Walworth St",19
376,"40.708621","-74.007222","John St & William St",41
377,"40.722438","-74.005664","6 Ave & Canal St",47
379,"40.749156","-73.9916","W 31 St & 7 Ave",40
380,"40.734011","-74.002939","W 4 St & 7 Ave S",42
383,"40.735238","-74.000271","Greenwich Ave & Charles St",39
385,"40.757973","-73.966033","E 55 St & 2 Ave",25
386,"40.714948","-74.002345","Centre St & Worth St",43
387,"40.712733","-74.004607","Centre St & Chambers St",37
388,"40.749718","-74.00295","W 26 St & 10 Ave",35
389,"40.710446","-73.965251","Broadway & Berry St",27
390,"40.692216","-73.984284","Duffield St & Willoughby St",31
391,"40.697601","-73.993446","Clark St & Henry St",14
392,"40.695065","-73.987167","Jay St & Tech Pl",34
393,"40.722992","-73.979955","E 5 St & Avenue C",36
394,"40.725213","-73.977688","E 9 St & Avenue C",34
396,"40.680342","-73.955769","Lefferts Pl & Franklin Ave",25
397,"40.684157","-73.969223","Fulton St & Clermont Ave",27
398,"40.691652","-73.999979","Atlantic Ave & Furman St",30
399,"40.688515","-73.964763","Lafayette Ave & St James Pl",27
400,"40.719261","-73.98178","Pitt St & Stanton St",14
401,"40.720196","-73.989978","Allen St & Rivington St",40
402,"40.740343","-73.989551","Broadway & E 22 St",38
403,"40.725029","-73.990697","E 2 St & 2 Ave",31
405,"40.739323","-74.008119","Washington St & Gansevoort St",51
406,"40.695128","-73.995951","Hicks St & Montague St",34
408,"40.710762","-73.994004","Market St & Cherry St",21
410,"40.720664","-73.98518","Suffolk St & Stanton St",45
411,"40.722281","-73.976687","E 6 St & Avenue D",31
412,"40.715816","-73.994224","Forsyth St & Canal St",28
415,"40.704718","-74.00926","Pearl St & Hanover Square",42
416,"40.687534","-73.972652","Cumberland St & Lafayette Ave",31
417,"40.712912","-74.010202","Barclay St & Church St",25
418,"40.70224","-73.982578","Front St & Gold St",23
419,"40.695807","-73.973556","Carlton Ave & Park Ave",23
420,"40.687645","-73.969689","Clermont Ave & Lafayette Ave",23
421,"40.695734","-73.971297","Clermont Ave & Park Ave",19
422,"40.770513","-73.988038","W 59 St & 10 Ave",79
423,"40.765849","-73.986905","W 54 St & 9 Ave",24
426,"40.717548","-74.013221","West St & Chambers St",27
427,"40.701907","-74.013942","Bus Slip & State St",47
432,"40.726218","-73.983799","E 7 St & Avenue A",30
434,"40.743174","-74.003664","9 Ave & W 18 St",59
435,"40.74174","-73.994156","W 21 St & 6 Ave",50
436,"40.682166","-73.95399","Hancock St & Bedford Ave",27
437,"40.680983","-73.950048","Macon St & Nostrand Ave",24
438,"40.727791","-73.985649","St Marks Pl & 1 Ave",45
439,"40.726281","-73.98978","E 4 St & 2 Ave",39
440,"40.752554","-73.972826","E 45 St & 3 Ave",32
442,"40.746647","-73.993915","W 27 St & 7 Ave",48
443,"40.708531","-73.96409","Bedford Ave & S 9 St",23
445,"40.727408","-73.98142","E 10 St & Avenue A",78
446,"40.744876","-73.995299","W 24 St & 7 Ave",47
447,"40.763707","-73.985162","8 Ave & W 52 St",25
448,"40.756604","-73.997901","W 37 St & 10 Ave",27
450,"40.762272","-73.987882","W 49 St & 8 Ave",65
453,"40.744751","-73.999154","W 22 St & 8 Ave",65
454,"40.754557","-73.96593","E 51 St & 1 Ave",34
455,"40.75002","-73.969053","1 Ave & E 44 St",59
456,"40.759711","-73.974023","E 53 St & Madison Ave",35
458,"40.751396","-74.005226","11 Ave & W 27 St",30
459,"40.746745","-74.007756","W 20 St & 11 Ave",48
460,"40.712859","-73.965903","S 4 St & Wythe Ave",23
461,"40.735877","-73.98205","E 20 St & 2 Ave",54
462,"40.74692","-74.004519","W 22 St & 10 Ave",47
464,"40.759345","-73.967597","E 56 St & 3 Ave",52
465,"40.755136","-73.98658","Broadway & W 41 St",39
466,"40.743954","-73.991449","W 25 St & 6 Ave",25
467,"40.683125","-73.978951","Dean St & 4 Ave",34
468,"40.765265","-73.981923","Broadway & W 56 St",65
469,"40.763441","-73.982681","Broadway & W 53 St",56
470,"40.743453","-74.00004","W 20 St & 8 Ave",70
471,"40.712868","-73.956981","Grand St & Havemeyer St",31
472,"40.745712","-73.981948","E 32 St & Park Ave",53
473,"40.721101","-73.991925","Rivington St & Chrystie St",49
474,"40.745168","-73.986831","5 Ave & E 29 St",56
476,"40.743943","-73.979661","E 31 St & 3 Ave",46
477,"40.756405","-73.990026","W 41 St & 8 Ave",69
478,"40.760301","-73.998842","11 Ave & W 41 St",35
479,"40.760193","-73.991255","9 Ave & W 45 St",30
480,"40.766697","-73.990617","W 53 St & 10 Ave",28
481,"40.712605","-73.962644","S 3 St & Bedford Ave",25
482,"40.739355","-73.999318","W 15 St & 7 Ave",75
483,"40.732233","-73.9889","E 12 St & 3 Ave",33
484,"40.755003","-73.980144","W 44 St & 5 Ave",46
485,"40.75038","-73.98339","W 37 St & 5 Ave",40
486,"40.746201","-73.988557","Broadway & W 29 St",40
487,"40.733143","-73.975739","E 20 St & FDR Drive",34
489,"40.750664","-74.001768","10 Ave & W 28 St",49
490,"40.751551","-73.993934","8 Ave & W 33 St",64
491,"40.740964","-73.986022","E 24 St & Park Ave S",51
492,"40.7502","-73.990931","W 33 St & 7 Ave",67
493,"40.7568","-73.982912","W 45 St & 6 Ave",34
494,"40.747348","-73.997236","W 26 St & 8 Ave",65
495,"40.762699","-73.993012","W 47 St & 10 Ave",39
496,"40.737262","-73.99239","E 16 St & 5 Ave",46
497,"40.73705","-73.990093","E 17 St & Broadway",64
499,"40.769155","-73.981918","Broadway & W 60 St",35
500,"40.762288","-73.983362","Broadway & W 51 St",50
501,"40.744219","-73.971212","FDR Drive & E 35 St",78
502,"40.714211","-73.981095","Henry St & Grand St",36
503,"40.738274","-73.98752","E 20 St & Park Ave",31
504,"40.732219","-73.981656","1 Ave & E 16 St",52
505,"40.749013","-73.988484","6 Ave & W 33 St",52
507,"40.739126","-73.979738","E 25 St & 2 Ave",43
508,"40.763414","-73.996674","W 46 St & 11 Ave",24
509,"40.745497","-74.001971","9 Ave & W 22 St",61
513,"40.768254","-73.988639","W 56 St & 10 Ave",29
514,"40.760875","-74.002777","12 Ave & W 40 St",51
515,"40.760094","-73.994618","W 43 St & 10 Ave",34
516,"40.752069","-73.967844","E 47 St & 1 Ave",30
517,"40.751581","-73.97791","Pershing Square South",68
518,"40.747804","-73.973442","E 39 St & 2 Ave",37
519,"40.751873","-73.977706","Pershing Square North",67
520,"40.759923","-73.976485","W 52 St & 5 Ave",41
522,"40.757148","-73.972078","E 51 St & Lexington Ave",51
523,"40.754666","-73.991382","W 38 St & 8 Ave",50
525,"40.755942","-74.002116","W 34 St & 11 Ave",56
526,"40.747659","-73.984907","E 33 St & 5 Ave",38
528,"40.742909","-73.977061","2 Ave & E 31 St",38
529,"40.75757","-73.990985","W 42 St & 8 Ave",37
530,"40.771497","-73.99046","11 Ave & W 59 St",23
531,"40.718939","-73.992663","Forsyth St & Broome St",39
532,"40.710451","-73.960876","S 5 Pl & S 5 St",42
533,"40.752996","-73.987216","Broadway & W 38 St",45
534,"40.702551","-74.012723","Water - Whitehall Plaza",31
536,"40.741444","-73.975361","1 Ave & E 30 St",28
539,"40.715348","-73.960241","Metropolitan Ave & Bedford Ave",31
540,"40.743116","-73.982154","Lexington Ave & E 29 St",46
545,"40.736502","-73.978095","E 23 St & 1 Ave",27
546,"40.744449","-73.983035","E 30 St & Park Ave S",43
2000,"40.702551","-73.989402","Front St & Washington St",29
2002,"40.716887","-73.963198","Wythe Ave & Metropolitan Ave",27
2003,"40.733812","-73.980544","1 Ave & E 18 St",53
2005,"40.705312","-73.971001","Railroad Ave & Kay Ave",12
2006,"40.765909","-73.976342","Central Park S & 6 Ave",48
2008,"40.705693","-74.016777","Little West St & 1 Pl",24
2009,"40.711174","-73.996826","Catherine St & Monroe St",35
2010,"40.7217","-74.002381","Grand St & Greene St",38
2012,"40.739445","-73.976806","E 27 St & 1 Ave",35
2017,"40.750224","-73.971214","E 43 St & 2 Ave",39
2021,"40.759291","-73.988597","W 45 St & 8 Ave",42
2022,"40.759107","-73.959223","E 60 St & York Ave",32
3002,"40.711512","-74.015756","South End Ave & Liberty St",25
3016,"40.720368","-73.961651","Kent Ave & N 7 St",53
3041,"40.678907","-73.941428","Kingston Ave & Herkimer St",24
3042,"40.679427","-73.929891","Fulton St & Utica Ave",19
3043,"40.68146","-73.934903","Lewis Ave & Decatur St",19
3044,"40.680011","-73.938475","Albany Ave & Fulton St",27
3046,"40.682601","-73.938037","Marcus Garvey Blvd & Macon St",18
3047,"40.682369","-73.944118","Halsey St & Tompkins Ave",21
3048,"40.68402","-73.94977","Putnam Ave & Nostrand Ave",19
3049,"40.68488","-73.96304","Cambridge Pl & Gates Ave",17
3050,"40.685153","-73.94111","Putnam Ave & Throop Ave",21
3052,"40.686312","-73.935775","Lewis Ave & Madison St",23
3053,"40.690082","-73.947915","Marcy Ave & Lafayette Ave",23
3054,"40.689493","-73.942061","Greene Ave & Throop Ave",19
3055,"40.688334","-73.950916","Greene Ave & Nostrand Ave",23
3056,"40.690725","-73.951335","Kosciuszko St & Nostrand Ave",23
3057,"40.691283","-73.945242","Kosciuszko St & Tompkins Ave",18
3058,"40.692371","-73.937054","Lewis Ave & Kosciuszko St",24
3059,"40.693398","-73.939877","Pulaski St & Marcus Garvey Blvd",19
3060,"40.694254","-73.946269","Willoughby Ave & Tompkins Ave",18
3061,"40.696229","-73.943711","Throop Ave & Myrtle Ave",21
3062,"40.695398","-73.949549","Myrtle Ave & Marcy Ave",22
3063,"40.69527","-73.952381","Nostrand Ave & Myrtle Ave",20
3064,"40.69682","-73.937569","Myrtle Ave & Lewis Ave",23
3065,"40.700295","-73.950323","Union Ave & Wallabout St",31
3066,"40.699576","-73.947084","Tompkins Ave & Hopkins St",19
3067,"40.701666","-73.94373","Broadway & Whipple St",27
3068,"40.703172","-73.940636","Humboldt St & Varet St",42
3069,"40.704118","-73.948186","Lorimer St & Broadway",29
3070,"40.705109","-73.944073","McKibbin St & Manhattan Ave",23
3071,"40.705381","-73.949765","Boerum St & Broadway",19
3072,"40.705833","-73.946446","Leonard St & Boerum St",24
3074,"40.707678","-73.940162","Montrose Ave & Bushwick Ave",42
3075,"40.707087","-73.957968","Division Ave & Marcy Ave",33
3076,"40.708704","-73.944863","Scholes St & Manhattan Ave",36
3077,"40.708771","-73.950953","Stagg St & Union Ave",33
3078,"40.709248","-73.960631","Broadway & Roebling St",26
3080,"40.70934","-73.95608","S 4 St & Rodney St",21
3081,"40.711863","-73.944024","Graham Ave & Grand St",29
3082,"40.711674","-73.951413","Hope St & Union Ave",25
3083,"40.712477","-73.941","Bushwick Ave & Powers St",32
3085,"40.71469","-73.95739","Roebling St & N 4 St",25
3086,"40.715143","-73.944507","Graham Ave & Conselyea St",30
3087,"40.714133","-73.952344","Metropolitan Ave & Meeker Ave",30
3088,"40.716075","-73.952029","Union Ave & Jackson St",19
3092,"40.71901","-73.958525","Berry St & N 8 St",27
3093,"40.717452","-73.958509","N 6 St & Bedford Ave",27
3094,"40.716981","-73.944859","Graham Ave & Withers St",18
3095,"40.719293","-73.945004","Graham Ave & Herbert St",26
3096,"40.71924","-73.95242","Union Ave & N 12 St",39
3100,"40.724813","-73.947526","Nassau Ave & Newell St",50
3101,"40.720798","-73.954847","N 12 St & Bedford Ave",27
3102,"40.721791","-73.950415","Driggs Ave & Lorimer St",27
3105,"40.724055","-73.955736","N 15 St & Wythe Ave",24
3106,"40.72325","-73.94308","Driggs Ave & N Henry St",21
3107,"40.723117","-73.952123","Bedford Ave & Nassau Ave",38
3108,"40.72557","-73.94434","Nassau Ave & Russell St",51
3109,"40.72606","-73.95621","Banker St & Meserole Ave",31
3110,"40.727086","-73.952991","Meserole Ave & Manhattan Ave",28
3112,"40.72906","-73.95779","Milton St & Franklin St",32
3113,"40.73026","-73.95394","Greenpoint Ave & Manhattan Ave",27
3115,"40.732322","-73.955086","India St & Manhattan Ave",49
3116,"40.73266","-73.95826","Huron St & Franklin St",35
3117,"40.73564","-73.95866","Franklin St & Dupont St",27
3118,"40.73555","-73.95284","McGuinness Blvd & Eagle St",42
3119,"40.742327","-73.954117","Vernon Blvd & 50 Ave",45
3121,"40.745248","-73.947333","Jackson Ave & 46 Rd",27
3122,"40.744363","-73.955873","48 Ave & 5 St",31
3123,"40.744697","-73.935404","31 St & Thomson Ave",27
3124,"40.74731","-73.95451","46 Ave & 5 St",27
3125,"40.747086","-73.949772","45 Rd & 11 St",23
3126,"40.747182","-73.943264","44 Dr & Jackson Ave",34
3127,"40.74966","-73.9521","9 St & 44 Rd",35
3128,"40.750525","-73.945948","21 St & 43 Ave",23
3129,"40.751102","-73.940737","Queens Plaza North & Crescent St",29
3130,"40.75326","-73.943358","21 St & Queens Plaza North",31
3131,"40.767128","-73.962246","E 68 St & 3 Ave",31
3132,"40.763505","-73.971092","E 59 St & Madison Ave",35
3134,"40.763126","-73.965269","3 Ave & E 62 St",51
3135,"40.771129","-73.957723","E 75 St & 3 Ave",40
3136,"40.766368","-73.971518","5 Ave & E 63 St",46
3137,"40.772828","-73.966853","5 Ave & E 73 St",30
3139,"40.771183","-73.964094","E 72 St & Park Ave",43
3140,"40.771404","-73.953517","1 Ave & E 78 St",55
3141,"40.765005","-73.958185","1 Ave & E 68 St",59
3142,"40.761227","-73.96094","1 Ave & E 62 St",41
3143,"40.776321","-73.964274","5 Ave & E 78 St",47
3144,"40.776777","-73.95901","E 81 St & Park Ave",46
3145,"40.778627","-73.957721","E 84 St & Park Ave",45
3146,"40.77573","-73.956753","E 81 St & 3 Ave",47
3147,"40.778012","-73.954071","E 85 St & 3 Ave",38
3148,"40.775655","-73.950686","E 84 St & 1 Ave",31
3150,"40.775369","-73.948034","E 85 St & York Ave",47
3151,"40.772838","-73.949892","E 81 St & York Ave",41
3152,"40.768737","-73.961199","3 Ave & E 71 St",42
3154,"40.773142","-73.958562","E 77 St & 3 Ave",31
3156,"40.766638","-73.953483","E 72 St & York Ave",36
3157,"40.775186","-73.944461","East End Ave & E 86 St",27
3158,"40.771639","-73.982614","W 63 St & Broadway",31
3159,"40.774925","-73.982666","W 67 St & Broadway",31
3160,"40.778968","-73.973747","Central Park West & W 76 St",37
3161,"40.780184","-73.977285","W 76 St & Columbus Ave",58
3163,"40.773407","-73.977825","Central Park West & W 68 St",43
3164,"40.777058","-73.978985","Columbus Ave & W 72 St",65
3165,"40.775794","-73.976206","Central Park West & W 72 St",50
3166,"40.780578","-73.985624","Riverside Dr & W 72 St",40
3167,"40.779668","-73.98093","Amsterdam Ave & W 73 St",54
3168,"40.784727","-73.969617","Central Park West & W 85 St",30
3169,"40.787209","-73.981281","Riverside Dr & W 82 St",39
3170,"40.785","-73.972834","W 84 St & Columbus Ave",34
3171,"40.785247","-73.976673","Amsterdam Ave & W 82 St",38
3172,"40.778567","-73.97755","W 74 St & Columbus Ave",26
3173,"40.777507","-73.988886","Riverside Blvd & W 67 St",36
3175,"40.77748","-73.982886","W 70 St & Amsterdam Ave",30
3177,"40.786795","-73.977112","W 84 St & Broadway",63
3178,"40.784145","-73.983625","Riverside Dr & W 78 St",39
3179,"40.698617","-73.941342","Park Ave & Marcus Garvey Blvd",23
3184,"40.714145","-74.033552","Paulus Hook",14
3185,"40.717733","-74.043845","City Hall",22
3186,"40.719586","-74.043117","Grove St PATH",42
3187,"40.721124","-74.038051","Warren St",22
3191,"40.718211","-74.083639","Union St",18
3192,"40.711242","-74.055701","Liberty Light Rail",21
3193,"40.724605","-74.078406","Lincoln Park",18
3194,"40.72534","-74.067622","McGinley Square",21
3195,"40.730897","-74.063913","Sip Ave",33
3196,"40.744319","-74.043991","Riverview Park",18
3198,"40.748716","-74.040443","Heights Elevator",18
3199,"40.728745","-74.032108","Newport Pkwy",14
3201,"40.737711","-74.066921","Dey St",18
3202,"40.727224","-74.033759","Newport PATH",18
3203,"40.727596","-74.044247","Hamilton Park",25
3205,"40.71654","-74.049638","JC Medical Center",22
3206,"40.731169","-74.057574","Hilltop",26
3207,"40.737604","-74.052478","Oakland Ave",26
3209,"40.724177","-74.050656","Brunswick St",22
3210,"40.742677","-74.051789","Pershing Field",17
3211,"40.721525","-74.046305","Newark Ave",22
3212,"40.734786","-74.050444","Christ Hospital",21
3213,"40.718489","-74.047727","Van Vorst Park",22
3214,"40.712774","-74.036486","Essex Light Rail",21
3220,"40.734961","-74.059503","5 Corners Library",18
3221,"40.743","-73.93561","47 Ave & 31 St",27
3225,"40.723659","-74.064194","Baldwin at Montgomery",14
3226,"40.78275","-73.97137","W 82 St & Central Park West",44
3231,"40.767801","-73.965921","E 67 St & Park Ave",39
3232,"40.689622","-73.983043","Bond St & Fulton St",31
3233,"40.757246","-73.978059","E 48 St & 5 Ave",38
3235,"40.752165","-73.979922","E 41 St & Madison Ave",25
3236,"40.758985","-73.9938","W 42 St & Dyer Ave",33
3241,"40.686203","-73.944694","Monroe St & Tompkins Ave",19
3242,"40.691029","-73.991834","Schermerhorn St & Court St",38
3243,"40.758924","-73.962262","E 58 St & 1 Ave (NE Corner)",29
3244,"40.731437","-73.994903","University Pl & E 8 St",41
3246,"40.694281","-73.9923","Montague St & Clinton St",38
3249,"40.680356","-73.947679","Verona Pl & Fulton St",19
3255,"40.750585","-73.994685","8 Ave & W 31 St",16
3256,"40.727714","-74.011296","Pier 40 - Hudson River Park",21
3259,"40.74937","-73.999234","9 Ave & W 28 St",24
3260,"40.727064","-73.996621","Mercer St & Bleecker St",45
3263,"40.729515","-73.990753","Cooper Square & Astor Pl",58
3267,"40.712419","-74.038526","Morris Canal",14
3268,"40.713464","-74.062859","Lafayette Park",13
3269,"40.726012","-74.050389","Brunswick & 6th",13
3270,"40.725289","-74.045572","Jersey & 6th St",14
3272,"40.723332","-74.045953","Jersey & 3rd",14
3273,"40.721651","-74.042884","Manila & 1st",18
3275,"40.718355","-74.038914","Columbus Drive",14
3276,"40.714584","-74.042817","Marin Light Rail",26
3277,"40.714358","-74.066611","Communipaw & Berry Lane",14
3278,"40.725685","-74.04879","Monmouth and 6th",14
3279,"40.72163","-74.049968","Dixon Mills",17
3280,"40.719282","-74.071262","Astor Place",14
3281,"40.74591","-74.057271","Leonard Gordon Park",14
3282,"40.78307","-73.95939","5 Ave & E 88 St",38
3283,"40.788221","-73.970416","W 89 St & Columbus Ave",47
3284,"40.781411","-73.955959","E 88 St & Park Ave",38
3285,"40.78839","-73.9747","W 87 St & Amsterdam Ave",42
3286,"40.780628","-73.952167","E 89 St & 3 Ave",39
3287,"40.789622","-73.97757","W 87 St & West End Ave",47
3288,"40.778301","-73.948813","E 88 St & 1 Ave",39
3289,"40.790179","-73.972889","W 90 St & Amsterdam Ave",32
3290,"40.777945","-73.946041","E 89 St & York Ave",35
3292,"40.785785","-73.957481","5 Ave & E 93 St",43
3293,"40.7921","-73.9739","W 92 St & Broadway",24
3294,"40.783502","-73.955327","E 91 St & Park Ave",37
3295,"40.79127","-73.964839","Central Park W & W 96 St",59
3296,"40.782454","-73.94892","E 93 St & 2 Ave",42
3297,"40.668663","-73.979881","6 St & 7 Ave",21
3298,"40.686371","-73.993833","Warren St & Court St",23
3299,"40.78813","-73.95206","E 98 St & Park Ave",25
3300,"40.665147","-73.976376","Prospect Park West & 8 St",25
3301,"40.791956","-73.968087","Columbus Ave & W 95 St",37
3302,"40.796935","-73.964341","Columbus Ave & W 103 St",22
3303,"40.684989","-73.994403","Butler St & Court St",24
3304,"40.668127","-73.983776","6 Ave & 9 St",27
3305,"40.781122","-73.949656","E 91 St & 2 Ave",38
3306,"40.666208","-73.981999","10 St & 7 Ave",23
3307,"40.794165","-73.974124","West End Ave & W 94 St",30
3308,"40.686176","-73.996453","Kane St & Clinton St",27
3309,"40.78592","-73.948603","E 97 St & 3 Ave",29
3310,"40.663779","-73.983968","14 St & 7 Ave",24
3311,"40.687632","-74.001626","Columbia St & Kane St",21
3312,"40.781721","-73.94594","1 Ave & E 94 St",39
3313,"40.666318","-73.985462","6 Ave & 12 St",29
3314,"40.79377","-73.971888","W 95 St & Broadway",31
3315,"40.684751","-73.999173","Henry St & Degraw St",23
3317,"40.668627","-73.987001","10 St & 5 Ave",24
3318,"40.783964","-73.947167","2 Ave & E 96 St",39
3319,"40.666287","-73.988951","14 St & 5 Ave",21
3320,"40.794067","-73.962868","Central Park West & W 100 St",49
3321,"40.683116","-73.997853","Clinton St & Union St",25
3322,"40.668603","-73.990439","12 St & 4 Ave",24
3323,"40.798186","-73.960591","W 106 St & Central Park West",59
3324,"40.668546","-73.993333","3 Ave & 14 St",24
3325,"40.784903","-73.950503","E 95 St & 3 Ave",31
3326,"40.67434","-74.001947","Clinton St & Centre St",21
3327,"40.787721","-73.947283","3 Ave & E 100 St",27
3328,"40.795","-73.9645","W 100 St & Manhattan Ave",39
3329,"40.682915","-73.993182","Degraw St & Smith St",27
3330,"40.672506","-74.004947","Henry St & Bay St",19
3331,"40.801343","-73.971146","Riverside Dr & W 104 St",39
3332,"40.68199","-73.99079","Degraw St & Hoyt St",19
3333,"40.674706","-74.007557","Columbia St & Lorraine St",21
3335,"40.677274","-73.98282","Union St & 4 Ave",27
3336,"40.787801","-73.953559","E 97 St & Madison Ave",41
3337,"40.673636","-74.011956","Dwight St & Van Dyke St",23
3338,"40.786259","-73.945526","2 Ave & E 99 St",31
3339,"40.67653","-73.978469","Berkeley Pl & 6 Ave",23
3340,"40.675327","-74.01007","Wolcott St & Dwight St",21
3341,"40.795346","-73.96186","Central Park West & W 102 St",41
3342,"40.677775","-74.009461","Pioneer St & Richards St",23
3343,"40.799757","-73.962113","W 107 St & Columbus Ave",23
3344,"40.679043","-74.011169","Pioneer St & Van Brunt St",18
3345,"40.789485","-73.952429","Madison Ave & E 99 St",34
3346,"40.675147","-73.975232","Berkeley Pl & 7 Ave",29
3347,"40.677343","-74.012751","Van Brunt St & Wolcott St",21
3348,"40.677236","-74.015665","Coffey St & Conover St",19
3349,"40.672968","-73.97088","Grand Army Plaza & Plaza St West",30
3350,"40.797372","-73.970412","W 100 St & Broadway",39
3351,"40.786995","-73.941648","E 102 St & 1 Ave",23
3352,"40.672672","-74.008795","Sigourney St & Columbia St",21
3354,"40.668132","-73.973638","3 St & Prospect Park West",31
3355,"40.768009","-73.968453","E 66 St & Madison Ave",25
3356,"40.774667","-73.984706","Amsterdam Ave & W 66 St",21
3357,"40.800836","-73.966449","W 106 St & Amsterdam Ave",35
3358,"40.671198","-73.974841","Garfield Pl & 8 Ave",25
3359,"40.769157","-73.967035","E 68 St & Madison Ave",41
3360,"40.782939","-73.978652","Amsterdam Ave & W 79 St",23
3361,"40.674089","-73.978728","Carroll St & 6 Ave",22
3362,"40.778131","-73.960694","Madison Ave & E 82 St",34
3363,"40.790483","-73.950331","E 102 St & Park Ave",33
3364,"40.675162","-73.981483","Carroll St & 5 Ave",26
3365,"40.670384","-73.978397","3 St & 7 Ave",27
3366,"40.802117","-73.968181","West End Ave & W 107 St",30
3367,"40.792255","-73.952499","5 Ave & E 103 St",38
3368,"40.672816","-73.983524","5 Ave & 3 St",28
3369,"40.772461","-73.946821","E 82 St & East End Ave",28
3370,"40.772797","-73.955778","E 78 St & 2 Ave",25
3372,"40.768974","-73.954823","E 74 St & 1 Ave",39
3373,"40.675071","-73.987752","3 St & 3 Ave",27
3374,"40.799484","-73.955613","Central Park North & Adam Clayton Powell Blvd",36
3375,"40.769943","-73.960607","3 Ave & E 72 St",35
3376,"40.764719","-73.962221","E 65 St & 2 Ave",38
3377,"40.678612","-73.990373","Carroll St & Bond St",25
3378,"40.773763","-73.962221","E 76 St & Park Ave",28
3379,"40.790305","-73.947558","E 103 St & Lexington Ave",32
3381,"40.677729","-73.993641","3 St & Hoyt St",21
3382,"40.680611","-73.994758","Carroll St & Smith St",30
3383,"40.804213","-73.966991","Cathedral Pkwy & Broadway",25
3384,"40.678724","-73.995991","Smith St & 3 St",25
3386,"40.680959","-73.999057","1 Pl & Clinton St",27
3387,"40.793434","-73.94945","E 106 St & Madison Ave",25
3388,"40.6828","-73.999904","President St & Henry St",23
3389,"40.683046","-74.003486","Carroll St & Columbia St",27
3390,"40.793297","-73.943208","E 109 St & 3 Ave",23
3391,"40.789253","-73.939562","E 106 St & 1 Ave",25
3392,"40.681212","-74.008609","Commerce St & Van Brunt St",19
3393,"40.679433","-74.00785","Richards St & Delavan St",19
3394,"40.676999","-74.006471","Columbia St & W 9 St",21
3395,"40.676374","-74.00325","Henry St & W 9 St",19
3396,"40.678356","-74.000145","Clinton St & 4 Place",25
3397,"40.676395","-73.998699","Court St & Nelson St",25
3398,"40.674696","-73.997858","Smith St & 9 St",23
3399,"40.672603","-73.98983","7 St & 3 Ave",24
3400,"40.796154","-73.947821","E 110 St & Madison Ave",24
3402,"40.690238","-73.992031","Court St & State St",23
3403,"40.670514","-73.988766","4 Ave & 9 St",31
3404,"40.670492","-73.985417","7 St & 5 Ave",26
3405,"40.670484","-73.98209","5 St & 6 Ave",23
3407,"40.679098","-73.987655","Union St & Nevins St",23
3408,"40.688153","-73.995209","Congress St & Clinton St",27
3409,"40.686744","-73.990632","Bergen St & Smith St",35
3410,"40.686444","-73.987591","Dean St & Hoyt St",30
3411,"40.684967","-73.986208","Bond St & Bergen St",27
3412,"40.685376","-73.983021","Pacific St & Nevins St",18
3414,"40.680945","-73.975673","Bergen St & Flatbush Ave",30
3415,"40.679331","-73.975195","Prospect Pl & 6 Ave",25
3416,"40.677615","-73.973243","7 Ave & Park Pl",23
3417,"40.679577","-73.97855","Baltic St & 5 Ave",27
3418,"40.675021","-73.971115","Plaza St West & Flatbush Ave",33
3419,"40.679279","-73.98154","Douglass St & 4 Ave",27
3420,"40.680213","-73.984327","Douglass St & 3 Ave",21
3422,"40.68593","-74.002424","Columbia St & Degraw St",21
3423,"40.661063","-73.979453","West Drive & Prospect Park West",29
3424,"40.791976","-73.945993","E 106 St & Lexington Ave",26
3425,"40.789211","-73.943708","2 Ave & E 104 St",33
3429,"40.685068","-73.977908","Hanson Pl & Ashland Pl",39
3430,"40.719079","-73.942237","Richardson St & N Henry St",25
3435,"40.718822","-73.99596","Grand St & Elizabeth St",43
3437,"40.793135","-73.977004","Riverside Dr & W 91 St",39
3440,"40.692418","-73.989495","Fulton St & Adams St",43
3443,"40.76133","-73.97982","W 52 St & 6 Ave",40
3452,"40.719156","-73.948854","Bayard St & Leonard St",43
3453,"40.713352","-73.949103","Devoe St & Lorimer St",18
3454,"40.710369","-73.94706","Leonard St & Maujer St",24
3456,"40.71638","-73.948213","Jackson St & Leonard St",22
3457,"40.763026","-73.972095","E 58 St & Madison Ave",45
3461,"40.714852","-74.011223","Murray St & Greenwich St",33
3463,"40.735367","-73.987974","E 16 St & Irving Pl",35
3467,"40.724947","-74.001659","W Broadway & Spring St",44
3469,"40.731814","-73.95995","India St & West St",23
3472,"40.742754","-74.007474","W 15 St & 10 Ave",39
3477,"40.6554","-74.010628","39 St & 2 Ave",33
3478,"40.657089","-74.008702","2 Ave & 36 St",43
3481,"40.71649","-74.04105","York St",22
3483,"40.71942","-74.05099","Montgomery St",14
3486,"40.688417","-73.984517","Schermerhorn St & Bond St",30
3490,"40.796879","-73.937261","E 116 St & 2 Ave",30
3491,"40.79747","-73.93504","E 118 St & 1 Ave",23
3492,"40.800539","-73.941995","E 118 St & Park Ave",27
3493,"40.799139","-73.938915","E 118 St & 3 Ave",31
3494,"40.797911","-73.9423","E 115 St & Lexington Ave",24
3495,"40.794566","-73.936254","E 114 St & 1 Ave",25
3496,"40.792327","-73.9383","1 Ave & E 110 St",25
3497,"40.794988","-73.933335","Pleasant Ave & E 116 St",23
3498,"40.797477","-73.931185","Pleasant Ave & E 120 St",21
3499,"40.800672","-73.9349","2 Ave & E 122 St",24
3500,"40.798945","-73.944846","E 115 St & Madison Ave",30
3501,"40.801487","-73.944251","E 118 St & Madison Ave",29
3502,"40.795412","-73.944123","Lexington Ave & E 111 St",29
3503,"40.80295","-73.942954","Madison Ave & E 120 St",30
3504,"40.802926","-73.9379","E 123 St & Lexington Ave",27
3505,"40.805726","-73.936322","Lexington Ave & E 127 St",33
3506,"40.801307","-73.939817","Lexington Ave & E 120 St",28
3507,"40.804556","-73.939686","Park Ave & E 124 St",36
3508,"40.809725","-73.953149","St Nicholas Ave & Manhattan Ave",31
3509,"40.801194","-73.950074","Lenox Ave & W 115 St",30
3510,"40.807832","-73.949373","Adam Clayton Powell Blvd & W 123 St",30
3511,"40.802535","-73.953242","Adam Clayton Powell Blvd & W 115 St",22
3513,"40.774645","-73.923706","21 St & Hoyt Ave S",21
3514,"40.7767","-73.927631","Astoria Park S & Shore Blvd",23
3515,"40.774591","-73.918544","24 Ave & 26 St",19
3516,"40.769918","-73.918406","31 St & Astoria Blvd",31
3517,"40.771153","-73.917007","31 St & Hoyt Ave N",35
3518,"40.808442","-73.945209","Lenox Ave & W 126 St",34
3520,"40.804372","-73.951475","Adam Clayton Powell Blvd & W 118 St",27
3521,"40.798786","-73.9523","Lenox Ave & W 111 St",36
3522,"40.770148","-73.912094","37 St & 24 Ave",19
3523,"40.7729","-73.916142","24 Ave & 29 St",25
3524,"40.777455","-73.92254","19 St & 24 Ave",23
3525,"40.776165","-73.915318","23 Ave & 27 St",21
3526,"40.774788","-73.912555","31 St & 23 Ave",27
3527,"40.80698","-73.941747","5 Ave & E 126 St",27
3528,"40.771394","-73.907744","Steinway St & 23 Ave",20
3529,"40.810792","-73.943068","Lenox Ave & W 130 St",25
3530,"40.778719","-73.914565","Crescent St & Ditmars Blvd",19
3531,"40.812551","-73.949229","Frederick Douglass Blvd & W 129 St",27
3532,"40.78145","-73.91833","Ditmars Blvd & 19 St",27
3533,"40.811432","-73.951878","St. Nicholas Ave & W 126 St",33
3534,"40.805159","-73.954692","Frederick Douglass Blvd & W 117 St",38
3535,"40.804038","-73.945925","Mt Morris Park W & W 120 St",27
3536,"40.8082","-73.9641","W 116 St & Broadway",43
3537,"40.680974","-73.97101","Carlton Ave & Dean St",29
3538,"40.802692","-73.96295","W 110 St & Amsterdam Ave",45
3539,"40.806758","-73.960708","W 116 St & Amsterdam Ave",43
3540,"40.81","-73.955151","Morningside Ave & W 123 St",35
3541,"40.813358","-73.956461","Amsterdam Ave & W 125 St",39
3542,"40.808625","-73.959621","Amsterdam Ave & W 119 St",29
3543,"40.810285","-73.957365","Morningside Dr & Amsterdam Ave",35
3544,"40.680484","-73.96468","Underhill Ave & Pacific St",27
3545,"40.812056","-73.961255","Broadway & W 122 St",33
3546,"40.679194","-73.95879","Pacific St & Classon Ave",20
3547,"40.814326","-73.959026","Broadway & Moylan Pl",41
3549,"40.678045","-73.962408","Grand Ave & Bergen St",25
3551,"40.795508","-73.941606","3 Ave & E 112 St",23
3552,"40.805973","-73.964928","W 113 St & Broadway",39
3553,"40.801694","-73.957145","Frederick Douglass Blvd & W 112 St",37
3554,"40.755243","-73.948568","Vernon Blvd & 41 Rd",27
3555,"40.751047","-73.93797","28 St & 41 Ave",26
3557,"40.75742","-73.945133","40 Ave & 9 St",19
3558,"40.679439","-73.968044","Bergen St & Vanderbilt Ave",26
3559,"40.757631","-73.939122","21 St & 38 Ave",19
3561,"40.753111","-73.927992","37 Ave & 35 St",26
3562,"40.67652","-73.959608","Classon Ave & St Marks Ave",27
3563,"40.757186","-73.932719","28 St & 36 Ave",29
3564,"40.760185","-73.936273","21 St & 36 Ave",19
3565,"40.761438","-73.941127","36 Ave & 10 St",19
3566,"40.759628","-73.932146","Crescent St & 35 Ave",25
3567,"40.762744","-73.939114","11 St & 35 Ave",19
3568,"40.756933","-73.926223","34 St & 35 Ave",21
3569,"40.675832","-73.956168","Franklin Ave & St Marks Ave",29
3570,"40.755733","-73.923661","35 Ave & 37 St",31
3571,"40.676368","-73.952918","Bedford Ave & Bergen St",24
3572,"40.756913","-73.921631","34 Ave & 38 St",33
3573,"40.758058","-73.924275","35 St & 34 Ave",24
3574,"40.676969","-73.96579","Prospect Pl & Underhill Ave",23
3575,"40.76108","-73.930562","Crescent St & 34 Ave",19
3576,"40.6767","-73.969024","Park Pl & Vanderbilt Ave",26
3577,"40.762814","-73.934286","34 Ave & 21 St",23
3578,"40.674181","-73.956495","Park Pl & Franklin Ave",21
3579,"40.672695","-73.954131","Sterling Pl & Bedford Ave",25
3580,"40.673724","-73.963161","St Johns Pl & Washington Ave",30
3581,"40.674012","-73.967146","Underhill Ave & Lincoln Pl",27
3582,"40.672168","-73.9609","Lincoln Pl & Classon Ave",28
3583,"40.671649","-73.963115","Eastern Pkwy & Washington Ave",30
3584,"40.670777","-73.95768","Eastern Pkwy & Franklin Ave",41
3585,"40.669178","-73.955416","Union St & Bedford Ave",24
3586,"40.763875","-73.936485","34 Ave & 13 St",19
3587,"40.668674","-73.961815","Carroll St & Washington Ave",27
3588,"40.767186","-73.937355","Vernon Blvd & 10 St",21
3589,"40.7668","-73.934777","Broadway & 12 St",19
3590,"40.667941","-73.9588","Carroll St & Franklin Ave",19
3591,"40.7659","-73.930819","21 St & 31 Dr",21
3592,"40.763359","-73.928647","Crescent St & Broadway",19
3593,"40.761584","-73.925921","31 St & Broadway",35
3595,"40.760339","-73.922243","35 St & Broadway",18
3596,"40.664241","-73.957469","Sullivan Pl & Bedford Ave",19
3597,"40.757728","-73.916637","43 St & Broadway",25
3598,"40.75957","-73.914268","Newton Rd & 44 St",19
3599,"40.66314","-73.96057","Franklin Ave & Empire Blvd",27
3600,"40.761149","-73.917007","31 Ave & Steinway St",27
3601,"40.662706","-73.956912","Sterling St & Bedford Ave",19
3602,"40.763154","-73.920827","31 Ave & 34 St",23
3603,"40.7647","-73.924031","31 Ave & 30 St",21
3604,"40.663062","-73.953875","Rogers Ave & Sterling St",16
3605,"40.765835","-73.926547","31 Ave & Crescent St",20
3606,"40.74252","-73.948852","49 Ave & 21 St",21
3607,"40.7682","-73.932266","31 Ave & 14 St",19
3608,"40.742374","-73.9566","5 St & 51 Ave",21
3609,"40.769248","-73.93545","Vernon Blvd & 31 Ave",22
3610,"40.770845","-73.934171","Vernon Blvd & 30 Rd",25
3611,"40.744907","-73.953457","Vernon Blvd & 47 Rd",31
3612,"40.770374","-73.928608","30 Ave & 21 St",15
3613,"40.745038","-73.957539","Center Blvd & 48 Ave",27
3614,"40.768692","-73.924957","Crescent St & 30 Ave",23
3615,"40.748","-73.946093","44 Dr & 21 St",21
3616,"40.765625","-73.91367","Steinway St & 28 Ave",25
3617,"40.7671","-73.916986","28 Ave & 35 St",27
3618,"40.7485","-73.941275","27 St & Hunter St",25
3619,"40.771362","-73.924615","Newtown Ave & 23 St",19
3620,"40.751907","-73.947912","11 St & 43 Ave",23
3621,"40.773983","-73.930913","27 Ave & 9 St",19
3622,"40.80756","-73.939182","E 128 St & Madison Ave",23
3623,"40.810949","-73.9634","W 120 St & Claremont Ave",39
3628,"40.802557","-73.949078","Lenox Ave & W 117 St",28
3629,"40.809495","-73.947765","Adam Clayton Powell Blvd & W 126 St",33
3630,"40.803865","-73.955931","Frederick Douglass Blvd & W 115 St",33
3637,"40.683239","-73.965996","Fulton St & Waverly Ave",31
3638,"40.724294","-74.035483","Washington St",17
3639,"40.719252","-74.034234","Harborside",30
3640,"40.73367","-74.0625","Journal Square",18
3641,"40.742869","-73.989186","Broadway & W 25 St",54
3646,"40.763155","-73.939855","35 Ave & 10 St",16
3647,"40.741283","-73.937259","48 Ave & 30 Pl",23
3648,"40.69795","-73.970776","Flushing Ave & Vanderbilt Ave",23
3649,"40.814394","-73.953247","W 129 St & Convent Ave",29
3654,"40.75187","-73.933493","31 St & Northern Blvd",35
3656,"40.723077","-73.985836","E 2 St & Avenue A",46
3658,"40.743534","-74.003676","W 18 St & 9 Ave",27
3661,"40.666439","-73.960556","Montgomery St & Franklin Ave",18
3664,"40.720195","-74.010301","North Moore St & Greenwich St",29
3668,"40.723957","-73.949844","Leonard St & Nassau Ave",26
3671,"40.774779","-73.954275","E 81 St & 2 Ave",37
3673,"40.677592","-73.955637","Dean St & Franklin Ave",20
3674,"40.701403","-73.986727","Jay St & York St",27
3676,"40.675833","-74.014726","Van Brunt St & Van Dyke St",24
3677,"40.727551","-74.071061","Glenwood Ave",18
3678,"40.725726","-74.071959","Fairmount Ave",18
3679,"40.722104","-74.071455","Bergen Ave",14
3680,"40.754121","-73.980252","E 43 St & 5 Ave",54
3681,"40.715178","-74.037683","Grand St",17
3686,"40.739448","-74.00507","Gansevoort St & Hudson St",39
3687,"40.743227","-73.974498","E 33 St & 1 Ave",57
3689,"40.799041","-73.966495","W 104 St & Amsterdam Ave",47
3690,"40.713342","-74.009355","Park Pl & Church St",36
3691,"40.764089","-73.910651","28 Ave & 44 St",19
3693,"40.722482","-73.959219","N 11 St & Kent Ave",27
3694,"40.71113","-74.0789","Jackson Square",18
3697,"40.77516","-73.989187","W 64 St & Thelonious Monk Circle",41
3699,"40.763605","-73.98918","W 50 St & 9 Ave",30
3704,"40.743752","-73.941765","47 Ave & Skillman Ave",19
3707,"40.741459","-73.983293","Lexington Ave & E 26 St",55
3708,"40.735445","-73.99431","W 13 St & 5 Ave",29
3709,"40.738046","-73.99643","W 15 St & 6 Ave",49
3711,"40.729667","-73.98068","E 13 St & Avenue A",46
3712,"40.754692","-73.997402","W 35 St & Dyer Ave",41
3714,"40.706842","-73.954435","Division Ave & Hooper St",61
3715,"40.71817","-73.955201","Driggs Ave & N 9 St",31
3716,"40.753599","-73.937956","40 Ave & Crescent St",23
3718,"40.727464","-73.979504","E 11 St & Avenue B",46
3720,"40.684617","-73.987213","Wyckoff St & Bond St",23
3721,"40.767549","-73.920933","31 St & Newtown Ave",35
3723,"40.695317","-73.990157","Cadman Plaza E & Johnson St",30
3724,"40.766741","-73.979069","7 Ave & Central Park South",39
3725,"40.768762","-73.958408","2 Ave & E 72 St",41
3726,"40.743366","-73.959607","Center Blvd & 51 Ave",20
3727,"40.717662","-73.9488","Frost St & Meeker Ave",38
3728,"40.695357","-73.99344","Pierrepont St & Monroe Pl",21
3731,"40.758397","-73.98255","W 47 St & 6 Ave",46
3733,"40.730563","-73.973984","Avenue C & E 18 St",46
3734,"40.759125","-73.962658","E 58 St & 1 Ave (NW Corner)",49
3735,"40.752694","-74.002353","W 30 St & 10 Ave",36
3736,"40.727243","-73.976831","E 12 St & Ave C",41
3737,"40.720747","-73.986274","Stanton St & Norfolk St",35
3738,"40.719383","-73.991479","Delancey St & Eldridge St",31
3739,"40.735918","-74.000939","Perry St & Greenwich Ave",37
3740,"40.726378","-74.000472","W Broadway & W Houston St",34
3744,"40.725864","-73.986389","1 Ave & E 5 St",49
3745,"40.756513","-73.929575","36 Ave & 31 St",27
3746,"40.724308","-74.00473","6 Ave & Broome St",47
3749,"40.747574","-73.978801","Lexington Ave & E 36 St",23
3755,"40.690648","-73.957462","DeKalb Ave & Franklin Ave",19
3756,"40.704508","-73.9351","White St & Moore St",21
3757,"40.710681","-73.93372","Stagg St & Morgan Ave",23
3758,"40.702997","-73.92997","George St & Wilson Ave",19
3759,"40.70538","-73.92535","Irving Ave & Jefferson St",19
3760,"40.705614","-73.92153","Willoughby Ave & Wyckoff Ave",23
3761,"40.697842","-73.926241","Cedar St & Myrtle Ave",27
3762,"40.677027","-73.9865","3 Ave & Carroll St",27
3763,"40.707165","-73.923711","Wyckoff Av & Jefferson St",27
3764,"40.705517","-73.93936","Bushwick Ave & McKibbin St",21
3765,"40.709897","-73.94008","Bushwick Ave & Stagg St",21
3766,"40.715353","-73.93856","Sharon St & Olive St",24
3767,"40.71323","-73.93894","Powers St & Olive St",19
3768,"40.71019","-73.93734","Waterbury St & Stagg St",23
3769,"40.707174","-73.93581","White St & Johnson Ave",23
3770,"40.702831","-73.9333","Central Ave & Flushing Ave",21
3771,"40.706237","-73.933871","McKibbin St & Bogart St",30
3772,"40.713811","-73.93515","Devoe St & Morgan Ave",19
3773,"40.70539","-73.92976","Knickerbocker Ave & Thames St",20
3774,"40.704425","-73.92836","Knickerbocker Ave & George St",23
3775,"40.702013","-73.923769","Suydam St & Knickerbocker Ave",27
3776,"40.700003","-73.92834","Central Ave & Starr Street",23
3777,"40.699304","-73.923044","Stockholm St & Wilson Ave",23
3778,"40.7027","-73.92095","Irving Ave & DeKalb Ave",27
3779,"40.704876","-73.919911","Hart St & Wyckoff Ave",24
3780,"40.703545","-73.917775","Wyckoff Av & Stanhope St",22
3781,"40.698568","-73.918877","Greene Av & Myrtle Av",30
3782,"40.698458","-73.997178","Brooklyn Bridge Park - Pier 2",29
3783,"40.70838","-74.00495","Cliff St & Fulton St",35
3785,"40.75492","-73.98455","W 42 St & 6 Ave",37
3786,"40.714193","-73.996732","Division St & Bowery",48
3787,"40.69985","-73.97141","Dock 72 Way & Market St",22
3789,"40.68186","-73.959432","Fulton St & Irving Pl",30
3790,"40.7003","-73.991581","Henry St & Middagh St",37
3791,"40.735208","-74.046964","Hoboken Ave at Monmouth St",32
3792,"40.71687","-74.03281","Columbus Dr at Exchange Pl",29
3795,"40.671907","-73.993612","10 St & 2 Ave",19
3798,"40.752269","-73.982079","W 40 St & 5 Ave",54
3799,"40.74964","-73.98805","6 Ave & W 34 St",67
3803,"40.665816","-73.956934","Bedford Ave & Montgomery St",27
3804,"40.702461","-73.986842","Front St & Jay St",24
3808,"40.752474","-73.939991","24 St & 41 Ave",19
3809,"40.763189","-73.978434","W 55 St & 6 Ave",53
3811,"40.77485","-73.9342","27 Ave & 3 St",19
3812,"40.734814","-73.992085","University Pl & E 14 St",49
3814,"40.761573","-73.972628","E 56 St & Madison Ave",23
3815,"40.755293","-73.967641","E 51 St & 2 Ave",40
3816,"40.71429","-73.93323","Metropolitan Ave & Vandervoort Ave",24
3817,"40.71773","-73.94051","Withers St & Kingsland Ave",18
3818,"40.72984","-73.94839","Calyer St & Jewel St",40
3819,"40.73396","-73.95204","Green St & McGuinness Blvd",20
3820,"40.69757","-73.93098","Willoughby Ave & Myrtle Ave",19
3821,"40.70106","-73.93318","Evergreen Ave & Noll St",24
3822,"40.70076","-73.93641","Bushwick Ave & Forrest St",20
3823,"40.70099","-73.93921","Beaver St & Fayette St",30
3824,"40.6786","-73.90369","Van Sinderen Ave & Truxton St",23
3825,"40.68139","-73.90756","Broadway & Furman Ave",29
3826,"40.68458","-73.90925","Moffat St & Bushwick",18
3827,"40.68565","-73.91564","Halsey St & Broadway",20
3828,"40.68652","-73.91321","Eldert St & Bushwick Ave",22
3829,"40.6882","-73.90798","Central Ave & Decatur St",24
3830,"40.68858","-73.91227","Halsey St & Evergreen Ave",22
3831,"40.68663","-73.9168","Broadway & Hancock St",34
3832,"40.69055","-73.91181","Central Ave & Weirfield St",21
3833,"40.69122","-73.91693","Madison St & Evergreen Ave",18
3834,"40.69467","-73.90663","Irving Ave & Halsey St",19
3835,"40.69385","-73.90974","Knickerbocker Ave & Hancock St",22
3836,"40.69146","-73.92146","Bushwick Ave & Linden St",29
3837,"40.69329","-73.92852","Broadway & Kosciuszko St",29
3838,"40.69356","-73.92524","Bushwick Ave & Harman St",25
3839,"40.69545","-73.91164","Putnam Ave & Knickerbocker Ave",29
3840,"40.69811","-73.90904","Putnam Ave & Wyckoff Ave",24
3841,"40.69543","-73.9196","Menahan St & Central Ave",25
3842,"40.69502","-73.92825","Bushwick Ave & Dekalb Ave",29
3843,"40.69905","-73.91516","Myrtle Ave & Grove St",22
3844,"40.69943","-73.91337","Myrtle Ave & Linden St",25
3845,"40.70108","-73.9179","Irving Ave & Harman St",21
3846,"40.69676","-73.92302","Central Ave & Himrod St",25
3847,"40.69671","-73.92807","Cedar St & Evergreen Ave",25
3848,"40.69544","-73.93223","Suydam St & Broadway",32
3849,"40.70636","-73.91945","Suydam St & St. Nicholas Ave",17
3850,"40.70907","-73.92157","Jefferson St & Cypress Ave",25
3851,"40.71401","-73.92793","Metropolitan Ave & Stewart Ave",20
3852,"40.70869","-73.92587","Stewart Ave & Johnson Ave",17
3853,"40.70686","-73.92851","Harrison Pl & Porter Ave",20
3854,"40.716657","-73.93637","Morgan Ave & Maspeth Ave",25
3855,"40.71882","-73.93948","Frost St & Debevoise Ave",22
3856,"40.72577","-73.94173","Kingsland Ave & Nassau Ave",25
3857,"40.72158","-73.94546","Engert Ave & McGuinness Blvd",19
3858,"40.73124","-73.95161","Kent St & McGuinness Blvd",20
3859,"40.72795","-73.95414","Lorimer St & Calyer St",20
3860,"40.70166","-73.92754","Wilson Ave & Troutman St",26
3861,"40.70113","-73.91422","Menahan St & Wyckoff Ave",20
3862,"40.69714","-73.91566","Linden St & Knickerbocker Ave",18
3863,"40.69296","-73.91605","Central Ave & Woodbine St",18
3864,"40.68929","-73.90951","Central Ave & Covert St",30
3865,"40.69081","-73.90448","Knickerbocker Ave & Cooper St",24
3866,"40.68906","-73.90506","Wilson Ave & Moffat St",32
3867,"40.67945","-73.90474","Somers St & Broadway",29
3868,"40.693","-73.90824","Knickerbocker Ave & Halsey St",19
3869,"40.692","-73.92617","Van Buren St & Broadway",24
3870,"40.697481","-73.935877","Melrose St & Broadway",20
3871,"40.68281","-73.90623","Bushwick Ave & Furman Ave",30
3872,"40.6972","-73.90674","Hancock St & Wyckoff Ave",19
3873,"40.70068","-73.90742","Madison St & Cypress Ave",17
3874,"40.70461","-73.91054","Menahan St & Seneca Ave",16
3875,"40.6988","-73.9007","Stephen St & Seneca Ave",15
3876,"40.69922","-73.89795","Forest Ave & Summerfield St",23
3877,"40.70555","-73.90245","Madison St & Forest Ave",25
3878,"40.69812","-73.90271","Cypress Ave & George St",19
3879,"40.68822","-73.91966","Broadway & Madison St",25
3880,"40.7098","-73.91727","Willoughby Ave & Onderdonk Ave",27
3881,"40.818299","-73.960405","12 Ave & W 125 St",39
3882,"40.69517","-73.90311","Norman St & Wyckoff Ave",15
3883,"40.70577","-73.91292","Harman St & Seneca Ave",18
3884,"40.69969","-73.9022","Centre St & Seneca Ave",23
3885,"40.70413","-73.90737","Onderdonk Ave & Gates Ave",19
3886,"40.70553","-73.9096","Menahan St & Onderdonk Ave",20
3887,"40.71246","-73.91873","Flushing Ave & Woodward Ave",20
3888,"40.70793","-73.91092","Woodward Ave & Harman St",19
3890,"40.69047","-73.923511","Grove St & Broadway",31
3891,"40.698","-73.9127","Irving Ave & Palmetto St",20
3892,"40.75473","-73.93367","38 Ave & 29 St",19
3893,"40.6832","-73.911666","Rockaway Ave & Bainbridge St",23
3895,"40.701573","-73.908763","Cypress Ave & Palmetto St",24
3896,"40.70183","-73.90625","Madison St & Seneca Ave",22
3897,"40.70863","-73.91497","Onderdonk Ave & Dekalb Ave",17
3898,"40.763954","-73.9646","E 63 St & 3 Ave",57
3899,"40.72084","-73.94844","Manhattan Av & Leonard St",18
3900,"40.72226","-73.93889","Morgan Ave & Lombardy St",30
3901,"40.70998","-73.91116","Stanhope St & Fairview Ave",17
3902,"40.70694","-73.90632","Fairview Ave & Linden St",19
3903,"40.68989","-73.91458","Jefferson Ave & Evergreen Ave",17
3905,"40.732647","-73.99011","4 Ave & E 12 St",23
3907,"40.70112","-73.93039","Central Ave & Melrose St",17
3909,"40.70408","-73.90408","Madison St & Woodward Ave",20
3910,"40.709697","-73.907856","Greene Ave & Grandview Ave",17
3911,"40.683426","-73.984275","Wyckoff St & Nevins St",22
3913,"40.699569","-73.979827","Sands St Gate",18
3914,"40.783786","-73.981687","West End Ave & W 78 St",37
3916,"40.708485","-74.002751","Pearl St & Peck Slip",45
3917,"40.69178","-73.97877","Willoughby St & Ashland Pl",31
3918,"40.72387","-73.975767","Avenue D & E 8 St",30
